{
  "parent": "minecraft:block/block",
  "textures": {
    "pole_side": "minecraft:block/oak_log",
    "pole_end": "minecraft:block/oak_log_top",
    "particle": "minecraft:block/oak_log"
  },
  "elements": [
    {
      "name": "crossbar_upper",
      "from": [
        2,
        14,
        13
      ],
      "to": [
        14,
        16,
        16
      ],
      "faces": {
        "north": {
          "texture": "#pole_side"
        },
        "south": {
          "texture": "#pole_side"
        },
        "up": {
          "texture": "#pole_side"
        },
        "down": {
          "texture": "#pole_side"
        },
        "east": {
          "texture": "#pole_end"
        },
        "west": {
          "texture": "#pole_end"
        }
      }
    }
  ]
}