{
  "variants": {
    "rotation=0":  { "model": "craftheraldry:block/empty" },
    "rotation=1":  { "model": "craftheraldry:block/empty" },
    "rotation=2":  { "model": "craftheraldry:block/empty" },
    "rotation=3":  { "model": "craftheraldry:block/empty" },
    "rotation=4":  { "model": "craftheraldry:block/empty" },
    "rotation=5":  { "model": "craftheraldry:block/empty" },
    "rotation=6":  { "model": "craftheraldry:block/empty" },
    "rotation=7":  { "model": "craftheraldry:block/empty" },
    "rotation=8":  { "model": "craftheraldry:block/empty" },
    "rotation=9":  { "model": "craftheraldry:block/empty" },
    "rotation=10": { "model": "craftheraldry:block/empty" },
    "rotation=11": { "model": "craftheraldry:block/empty" },
    "rotation=12": { "model": "craftheraldry:block/empty" },
    "rotation=13": { "model": "craftheraldry:block/empty" },
    "rotation=14": { "model": "craftheraldry:block/empty" },
    "rotation=15": { "model": "craftheraldry:block/empty" }
  }
}
